{
  "required": true,
  "compatibilityLevel": "JAVA_8",
  "package": "me.travis.wurstplusthree.mixin.mixins",
  "refmap": "mixins.wurstplusthree.refmap.json",
  "mixins": [
    "MixinAbstractClientPlayer",
    "MixinBlock",
    "MixinBlockLiquid",
    "MixinC00Handshake",
    "MixinEntity",
    "MixinEntityPlayerSP",
    "MixinEntityRenderer",
    "MixinFontRenderer",
    "MixinGuiNewChat",
    "MixinGuiPlayerTabOverlay",
    "MixinGuiScreen",
    "MixinItemRenderer",
    "MixinItemStack",
    "MixinKeyBinding",
    "MixinLayerArmorBase",
    "MixinMinecraft",
    "MixinNetHandlerPlayClient",
    "MixinNetworkManager",
    "MixinPlayerControllerMP",
    "MixinRender",
    "MixinRenderEnderCrystal",
    "MixinRenderGlobal",
    "MixinRenderLivingBase",
    "MixinRenderPlayer",
    "MixinWorld",
    "MixinRenderEntityItem",
    "MixinRenderer",
    "MixinBlockWeb",
    "MixinGuiMainMenu",
    "accessors.IC00Handshake",
    "accessors.IContainer",
    "accessors.IServerAddress",
    "accessors.ISPacketSetSlot"
  ]
}
